Document ID,DivGov_MajorityProject,DemPres_MajorityProject
PDABZ850,1,0
PDACG247,0,0
PDACG149,0,0
PDACH447,0,0
PDACH685,0,0
PDACG144,0,0
PDACG145,0,0
PDACL857,0,0
PDACL858,0,0
PA00KM9F,0,0
PDACL852,0,0
PDACL579,0,0
PDACL581,0,0
PDACL593,0,0
PDACL674,0,0
PDACL339,0,0
PDACL582,0,0
PDACL594,0,0
PDACG217,0,0
PDACK321,0,0
PDACN285,1,0
PBAAB782,0,0
PDACQ664,0,0
PDACS746,0,0
PA00K4P7,1,1
PA00K6CJ,1,1
PDACY466,1,1
PDACY139,1,1
PA00K261,1,1
PA00JX4D,1,1
PA00KHMX,1,1
PA00WB37,1,1
PA00K771,1,1
PA00K9TJ,1,1
PA00KHTT,1,1
PA00M123,1,1
PA00KQRS,1,1
PA00MGHW,1,1
PA00MHSD,1,1
PA00MT2W,1,1
PA00M95C,1,1
PA00M48R,1,1
PA00MPH6,1,1
PA00N6K2,1,1
PA00N17S,1,1
PA00T1GR,1,1
PA00TP87,1,1
PA00T2PF,1,1
PA00TWNX,1,1
PA00TJQD,0,0
PA00TJ3X,1,1
PA00T84P,1,1
PA00TG12,1,1
PA00TMBS,1,1
PA00X23D,1,1
PA00T8Q6,0,0
PA00TB6K,0,0
PA00THM5,0,0
PA00TWRH,0,0
PA00W82Q,0,0
PA00TPGM,1,1
PA00TSW4,1,0
PA00X1NC,1,0
PA00XKNK,1,0
PA00W6BV,1,0
PA00W81R,1,0
PA00W96T,1,0
PA00WBS5,1,0
PA00TR1W,0,0
PA00WH9F,0,0
PA00W5R6,0,0
PA00W6MD,0,0
PA00WZZ5,1,0
PA00XB2S,1,0
PA00XKDP,0,0
PA00WP4W,1,0
PA00XKDS,1,0
PA00XKDV,1,0
PA00ZDZP,1,0
PA00XSPH,0,0
PA00XTZ4,0,0
PA00XKDW,0,0
PA00XW5F,0,0
PA00XKF1,1,0
PA00XG8D,0,0
PA00KMB5,,
PDACL879,,
PA00TZWK,,
PA00KM8P,,
PA00KM8R,,
PA00KM9H,,
PA00KM9J,,
PA00KMWP,,
PA00MK3X,,
PA00VPMB,,
PA00X4V3,,
PDACL854,,
PDACG819,0,0
PA00Z4ZW,0,0